Open,High,Low,Close,Volume,Dividends,Stock Splits,date
7173.99,7195.72,7094.43,7128.6,1737370000,0,0,2018-04-23
7160.77,7171.67,6961.52,7007.35,2149250000,0,0,2018-04-24
7009.99,7030.74,6926.97,7003.74,2026690000,0,0,2018-04-25
7080.49,7143.94,7055.66,7118.68,2127140000,0,0,2018-04-26
7195.52,7197.15,7083.95,7119.8,2027530000,0,0,2018-04-27
7133.95,7169.8,7065.41,7066.27,1987020000,0,0,2018-04-30
7053.65,7133.27,7036.18,7130.7,1929110000,0,0,2018-05-01
7138.45,7169.46,7094.72,7100.9,2144200000,0,0,2018-05-02
7065.03,7112.59,6991.14,7088.15,2345740000,0,0,2018-05-03
7065.67,7228.26,7057.89,7209.62,2022230000,0,0,2018-05-04
7241.82,7291.74,7235.76,7265.21,1939980000,0,0,2018-05-07
7255.34,7278.81,7224.7,7266.9,2054830000,0,0,2018-05-08
7281.53,7344.8,7259.05,7339.91,2241480000,0,0,2018-05-09
7355.9,7414.15,7353.63,7404.97,2233460000,0,0,2018-05-10
7393.97,7417.67,7372.26,7402.88,2083030000,0,0,2018-05-11
7429.45,7458.42,7401.89,7411.32,2075670000,0,0,2018-05-14
7361.3,7363.52,7320.97,7351.63,2114040000,0,0,2018-05-15
7356.22,7413.32,7356.16,7398.3,2083660000,0,0,2018-05-16
7379.58,7425.39,7350.46,7382.47,1931700000,0,0,2018-05-17
7364.34,7381.16,7343.97,7354.34,1966710000,0,0,2018-05-18
7406.34,7431.83,7368.21,7394.04,1949100000,0,0,2018-05-21
7420.85,7432.53,7370.33,7378.46,1908280000,0,0,2018-05-22
7335.03,7426.78,7334.62,7425.96,1980450000,0,0,2018-05-23
7421.99,7435.38,7357.5,7424.43,1992460000,0,0,2018-05-24
7422.2,7452.85,7415.58,7433.85,1757660000,0,0,2018-05-25
7398.51,7435.13,7354.29,7396.59,2087370000,0,0,2018-05-29
7428.41,7473.81,7423.67,7462.45,2049450000,0,0,2018-05-30
7455.58,7492.42,7431.41,7442.12,2514610000,0,0,2018-05-31
7487.66,7557.38,7487.23,7554.33,2208600000,0,0,2018-06-01
7570.08,7607.17,7561.2,7606.46,2142790000,0,0,2018-06-04
7621.36,7644.48,7602.38,7637.86,2058630000,0,0,2018-06-05
7652.8,7691.65,7622.31,7689.24,2191750000,0,0,2018-06-06
7697.41,7697.41,7597.66,7635.07,2328280000,0,0,2018-06-07
7607.74,7653.58,7595.14,7645.51,1941580000,0,0,2018-06-08
7647.24,7677.29,7642.87,7659.93,1942940000,0,0,2018-06-11
7673.87,7708.25,7669.53,7703.79,2006760000,0,0,2018-06-12
7713.9,7748.96,7686.65,7695.7,2172770000,0,0,2018-06-13
7723.53,7768.6,7723.53,7761.04,2188230000,0,0,2018-06-14
7725.03,7755.72,7704.34,7746.38,3043790000,0,0,2018-06-15
7692.96,7749.36,7676.83,7747.03,2093950000,0,0,2018-06-18
7658.47,7727.41,7635.73,7725.59,2269000000,0,0,2018-06-19
7764.15,7806.6,7755.48,7781.51,2305100000,0,0,2018-06-20
7800.3,7803.45,7699.2,7712.95,2315880000,0,0,2018-06-21
7739.69,7739.71,7679.12,7692.82,3928340000,0,0,2018-06-22
7631.12,7639.73,7477.73,7532.01,2415090000,0,0,2018-06-25
7553.74,7597.49,7527.0,7561.63,2058640000,0,0,2018-06-26
7586.33,7610.67,7444.17,7445.08,2306430000,0,0,2018-06-27
7438.11,7526.07,7419.56,7503.68,2195400000,0,0,2018-06-28
7544.13,7573.59,7502.95,7510.3,2192010000,0,0,2018-06-29
7451.9,7568.1,7443.1,7567.69,1767910000,0,0,2018-07-02
7593.63,7594.33,7498.5,7502.67,1179310000,0,0,2018-07-03
7550.66,7589.19,7511.43,7586.43,1745030000,0,0,2018-07-05
7595.93,7695.81,7588.65,7688.39,1704580000,0,0,2018-07-06
7731.74,7757.28,7702.06,7756.2,1837330000,0,0,2018-07-09
7770.63,7777.48,7731.98,7759.2,1725210000,0,0,2018-07-10
7698.51,7748.16,7696.58,7716.61,1761420000,0,0,2018-07-11
7752.71,7825.67,7746.76,7823.92,1926110000,0,0,2018-07-12
7827.62,7843.52,7803.34,7825.98,1714140000,0,0,2018-07-13
7831.74,7838.82,7791.98,7805.72,1730190000,0,0,2018-07-16
7751.97,7867.15,7749.61,7855.12,1740680000,0,0,2018-07-17
7859.43,7863.77,7822.83,7854.44,1857670000,0,0,2018-07-18
7829.8,7849.85,7811.15,7825.3,1853030000,0,0,2018-07-19
7843.08,7860.25,7815.86,7820.2,1786250000,0,0,2018-07-20
7806.93,7846.76,7776.55,7841.87,1654290000,0,0,2018-07-23
7914.35,7928.79,7814.33,7840.77,2014850000,0,0,2018-07-24
7839.09,7933.31,7838.76,7932.24,1902790000,0,0,2018-07-25
7848.04,7881.3,7834.08,7852.18,2263070000,0,0,2018-07-26
7889.75,7889.75,7698.96,7737.42,2176170000,0,0,2018-07-27
7735.27,7740.26,7604.24,7630.0,2143410000,0,0,2018-07-30
7654.59,7709.49,7614.84,7671.79,2195050000,0,0,2018-07-31
7701.82,7732.68,7670.71,7707.29,2223550000,0,0,2018-08-01
7659.52,7808.85,7659.52,7802.69,2081300000,0,0,2018-08-02
7819.23,7824.06,7783.3,7812.01,2018700000,0,0,2018-08-03
7809.54,7859.68,7801.88,7859.68,2238170000,0,0,2018-08-06
7878.62,7898.2,7868.65,7883.66,2197590000,0,0,2018-08-07
7880.0,7901.69,7864.46,7888.33,2087850000,0,0,2018-08-08
7886.52,7923.35,7881.06,7891.78,2032950000,0,0,2018-08-09
7834.71,7866.19,7818.37,7839.11,2095180000,0,0,2018-08-10
7848.0,7888.66,7814.27,7819.71,1914240000,0,0,2018-08-13
7847.88,7878.23,7815.5,7870.89,1917360000,0,0,2018-08-14
7810.02,7832.66,7732.69,7774.12,2286960000,0,0,2018-08-15
7826.95,7849.67,7795.74,7806.52,1979540000,0,0,2018-08-16
7786.64,7830.78,7752.68,7816.33,1843150000,0,0,2018-08-17
7834.37,7837.14,7787.9,7821.01,1698970000,0,0,2018-08-20
7840.09,7897.68,7836.79,7859.17,1766630000,0,0,2018-08-21
7844.04,7897.63,7840.84,7889.1,1660460000,0,0,2018-08-22
7886.47,7926.32,7866.53,7878.46,1879890000,0,0,2018-08-23
7907.81,7949.71,7907.1,7945.98,1886600000,0,0,2018-08-24
7989.64,8024.94,7976.6,8017.9,2319130000,0,0,2018-08-27
8039.01,8046.31,8009.59,8030.04,1961300000,0,0,2018-08-28
8044.34,8113.56,8042.1,8109.69,1897000000,0,0,2018-08-29
8094.2,8133.3,8069.57,8088.36,2014450000,0,0,2018-08-30
8079.31,8119.82,8079.31,8109.54,1899910000,0,0,2018-08-31
8087.95,8104.07,8042.14,8091.25,2229520000,0,0,2018-09-04
8073.53,8077.84,7962.35,7995.17,2596780000,0,0,2018-09-05
7998.27,8001.97,7885.49,7922.73,2368680000,0,0,2018-09-06
7878.79,7962.53,7873.93,7902.54,2146380000,0,0,2018-09-07
7939.57,7945.03,7890.39,7924.16,2041450000,0,0,2018-09-10
7894.87,7986.32,7880.92,7972.47,2336600000,0,0,2018-09-11
7958.87,7965.39,7884.05,7954.23,2341850000,0,0,2018-09-12
7999.93,8037.51,7989.85,8013.71,2318720000,0,0,2018-09-13
8026.16,8040.83,7979.78,8010.04,2033720000,0,0,2018-09-14
7992.21,8002.78,7890.07,7895.79,2284140000,0,0,2018-09-17
7903.57,7986.1,7901.01,7956.11,2317990000,0,0,2018-09-18
7962.55,7976.12,7917.73,7950.04,2156730000,0,0,2018-09-19
7993.53,8039.06,7986.41,8028.23,2287150000,0,0,2018-09-20
8041.69,8057.26,7979.67,7986.96,3706820000,0,0,2018-09-21
7939.38,7997.9,7912.47,7993.25,2416380000,0,0,2018-09-24
8001.59,8014.12,7979.29,8007.47,2288140000,0,0,2018-09-25
8011.68,8067.03,7982.76,7990.37,2297030000,0,0,2018-09-26
8021.22,8071.56,8017.91,8041.97,2053770000,0,0,2018-09-27
8024.5,8065.06,8015.87,8046.35,2323940000,0,0,2018-09-28
8091.5,8107.38,8019.77,8037.3,2283230000,0,0,2018-10-01
8024.47,8054.15,7983.99,7999.55,2391370000,0,0,2018-10-02
8034.65,8053.93,8012.03,8025.09,3057330000,0,0,2018-10-03
7993.33,7997.17,7833.16,7879.51,3284550000,0,0,2018-10-04
7874.76,7902.67,7715.97,7788.45,2672900000,0,0,2018-10-05
7747.1,7797.32,7654.84,7735.95,2239640000,0,0,2018-10-08
7728.51,7799.75,7718.95,7738.02,2459040000,0,0,2018-10-09
7694.08,7701.2,7420.56,7422.05,3077330000,0,0,2018-10-10
7388.07,7493.21,7274.04,7329.06,3139290000,0,0,2018-10-11
7507.84,7516.69,7368.33,7496.89,2650290000,0,0,2018-10-12
7473.33,7500.93,7400.07,7430.74,2148850000,0,0,2018-10-15
7501.78,7658.14,7493.44,7645.49,2623300000,0,0,2018-10-16
7669.26,7670.49,7563.09,7642.7,2364720000,0,0,2018-10-17
7616.47,7616.86,7452.46,7485.14,2545950000,0,0,2018-10-18
7530.16,7582.89,7428.3,7449.03,2532220000,0,0,2018-10-19
7486.74,7520.54,7424.74,7468.63,2282400000,0,0,2018-10-22
7328.55,7472.58,7260.13,7437.54,2735820000,0,0,2018-10-23
7423.21,7435.69,7099.0,7108.4,2935550000,0,0,2018-10-24
7197.49,7364.82,7178.54,7318.34,2741810000,0,0,2018-10-25
7125.18,7283.32,7057.0,7167.21,2964780000,0,0,2018-10-26
7272.42,7295.61,6922.83,7050.29,2689550000,0,0,2018-10-29
7017.87,7166.84,7001.48,7161.65,2681310000,0,0,2018-10-30
7276.62,7368.49,7270.63,7305.9,2899730000,0,0,2018-10-31
7327.82,7435.88,7286.5,7434.06,2708880000,0,0,2018-11-01
7424.02,7466.53,7298.68,7356.99,2889910000,0,0,2018-11-02
7344.08,7349.23,7255.88,7328.85,2166470000,0,0,2018-11-05
7326.07,7400.64,7320.89,7375.96,2285680000,0,0,2018-11-06
7446.09,7572.93,7435.87,7570.75,2677530000,0,0,2018-11-07
7544.17,7566.93,7499.71,7530.88,2462430000,0,0,2018-11-08
7468.51,7474.34,7349.48,7406.9,2418490000,0,0,2018-11-09
7364.05,7371.09,7193.77,7200.87,2289070000,0,0,2018-11-12
7230.69,7319.12,7182.86,7200.87,2343940000,0,0,2018-11-13
7265.39,7285.57,7101.17,7136.39,2540220000,0,0,2018-11-14
7112.83,7274.26,7072.36,7259.03,2508720000,0,0,2018-11-15
7193.6,7274.86,7171.7,7247.87,2438260000,0,0,2018-11-16
7217.24,7224.12,7011.4,7028.48,2354020000,0,0,2018-11-19
6867.43,6994.75,6830.76,6908.82,2664950000,0,0,2018-11-20
6985.51,7029.93,6951.62,6972.25,1858050000,0,0,2018-11-21
6919.52,6987.89,6919.16,6938.98,958950000,0,0,2018-11-23
7026.5,7083.93,7003.12,7081.85,2011180000,0,0,2018-11-26
7041.23,7105.14,7014.36,7082.7,2067360000,0,0,2018-11-27
7135.08,7292.71,7090.98,7291.59,2390260000,0,0,2018-11-28
7267.37,7319.96,7217.69,7273.08,1983460000,0,0,2018-11-29
7279.3,7332.79,7255.68,7330.54,2542820000,0,0,2018-11-30
7486.13,7486.51,7392.22,7441.51,2621020000,0,0,2018-12-03
7407.95,7421.11,7150.11,7158.43,2635810000,0,0,2018-12-04
7017.05,7189.52,6984.34,7188.26,2833870000,0,0,2018-12-06
7163.49,7205.37,6945.27,6969.25,2475160000,0,0,2018-12-07
6959.63,7047.62,6878.99,7020.52,2367560000,0,0,2018-12-10
7121.66,7129.83,6983.01,7031.83,2246060000,0,0,2018-12-11
7127.0,7197.29,7096.56,7098.31,2412300000,0,0,2018-12-12
7135.28,7154.64,7034.82,7070.33,2143520000,0,0,2018-12-13
6986.37,7027.17,6898.99,6910.66,2200510000,0,0,2018-12-14
6886.46,6931.81,6710.01,6753.73,2665240000,0,0,2018-12-17
6809.82,6847.27,6733.71,6783.91,2595400000,0,0,2018-12-18
6777.59,6868.86,6586.5,6636.83,2899950000,0,0,2018-12-19
6607.76,6666.2,6447.91,6528.41,3258090000,0,0,2018-12-20
6573.49,6586.68,6304.63,6332.99,4534120000,0,0,2018-12-21
6278.49,6355.18,6190.17,6192.92,1647270000,0,0,2018-12-24
6257.86,6555.53,6214.34,6554.36,2558940000,0,0,2018-12-26
6457.19,6583.01,6336.97,6579.49,2415870000,0,0,2018-12-27
6616.79,6684.18,6529.22,6584.52,2199090000,0,0,2018-12-28
6649.52,6659.96,6570.06,6635.28,2098560000,0,0,2018-12-31
6506.91,6693.71,6506.88,6665.94,2261800000,0,0,2019-01-02
6584.77,6600.21,6457.13,6463.5,2607290000,0,0,2019-01-03
6567.14,6760.69,6554.24,6738.86,2579550000,0,0,2019-01-04
6757.53,6855.6,6741.4,6823.47,2507550000,0,0,2019-01-07
6893.44,6909.58,6795.86,6897.0,2380290000,0,0,2019-01-08
6923.06,6985.22,6899.56,6957.08,2422590000,0,0,2019-01-09
6908.65,6991.37,6877.08,6986.07,2179080000,0,0,2019-01-10
6947.46,6975.65,6933.6,6971.48,2066500000,0,0,2019-01-11
6908.03,6936.22,6887.48,6905.92,1942210000,0,0,2019-01-14
6931.39,7025.85,6928.12,7023.83,2038090000,0,0,2019-01-15
7033.75,7079.63,7028.12,7034.69,2149580000,0,0,2019-01-16
7010.13,7113.95,7003.62,7084.46,2128840000,0,0,2019-01-17
7134.1,7185.38,7096.62,7157.23,2451240000,0,0,2019-01-18
7109.57,7110.16,6979.81,7020.36,2380950000,0,0,2019-01-22
7061.65,7084.85,6953.23,7025.77,2274420000,0,0,2019-01-23
7042.25,7078.96,7029.95,7073.46,2400290000,0,0,2019-01-24
7128.18,7174.56,7111.09,7164.86,2440840000,0,0,2019-01-25
7075.01,7086.3,7034.25,7085.68,2435480000,0,0,2019-01-28
7087.49,7092.29,7011.47,7028.29,2089690000,0,0,2019-01-29
7094.79,7201.31,7065.57,7183.08,2544050000,0,0,2019-01-30
7208.17,7303.12,7205.95,7281.74,2918710000,0,0,2019-01-31
7256.37,7299.94,7243.41,7263.87,2383430000,0,0,2019-02-01
7266.28,7348.23,7261.07,7347.54,2099470000,0,0,2019-02-04
7356.34,7408.68,7355.36,7402.08,2265520000,0,0,2019-02-05
7400.44,7410.77,7346.72,7375.28,2167130000,0,0,2019-02-06
7316.5,7336.74,7235.05,7288.35,2295080000,0,0,2019-02-07
7232.3,7299.44,7225.14,7298.2,2086260000,0,0,2019-02-08
7327.37,7343.56,7290.03,7307.9,1897800000,0,0,2019-02-11
7358.85,7419.43,7349.8,7414.62,2124330000,0,0,2019-02-12
7437.46,7461.66,7413.84,7420.38,2093800000,0,0,2019-02-13
7390.25,7454.42,7375.71,7426.95,2103370000,0,0,2019-02-14
7468.57,7477.28,7440.26,7472.41,2257750000,0,0,2019-02-15
7450.75,7507.79,7450.27,7486.77,2120790000,0,0,2019-02-19
7490.31,7513.7,7455.25,7489.07,2181760000,0,0,2019-02-20
7475.41,7485.75,7430.89,7459.71,2119080000,0,0,2019-02-21
7481.63,7527.54,7479.01,7527.54,2417680000,0,0,2019-02-22
7585.3,7602.69,7551.61,7554.46,2363140000,0,0,2019-02-25
7535.29,7573.22,7524.31,7549.3,2257710000,0,0,2019-02-26
7526.42,7562.29,7485.39,7554.51,2423360000,0,0,2019-02-27
7533.31,7561.9,7516.48,7532.53,2647080000,0,0,2019-02-28
7587.45,7603.04,7540.75,7595.35,2463190000,0,0,2019-03-01
7636.62,7643.66,7501.56,7577.57,2569590000,0,0,2019-03-04
7582.29,7598.66,7543.54,7576.36,2142610000,0,0,2019-03-05
7575.38,7579.02,7499.87,7505.92,2242810000,0,0,2019-03-06
7483.79,7489.08,7397.19,7421.46,2440840000,0,0,2019-03-07
7334.35,7411.52,7332.92,7408.14,2245430000,0,0,2019-03-08
7442.56,7558.23,7442.4,7558.06,2226950000,0,0,2019-03-11
7571.85,7611.13,7560.46,7591.03,2161400000,0,0,2019-03-12
7621.38,7677.07,7619.46,7643.41,2366350000,0,0,2019-03-13
7644.79,7653.1,7627.02,7630.91,2176510000,0,0,2019-03-14
7658.41,7714.96,7652.04,7688.53,3447190000,0,0,2019-03-15
7696.38,7737.67,7677.74,7714.48,2274490000,0,0,2019-03-18
7747.4,7767.89,7699.15,7723.95,2433160000,0,0,2019-03-19
7721.95,7779.24,7674.04,7728.97,2424400000,0,0,2019-03-20
7705.43,7850.11,7705.43,7838.96,2483580000,0,0,2019-03-21
7800.25,7817.83,7642.57,7642.67,2490730000,0,0,2019-03-22
7618.98,7662.38,7579.29,7637.54,2130230000,0,0,2019-03-25
7700.0,7738.17,7649.21,7691.52,2068900000,0,0,2019-03-26
7702.05,7712.84,7582.09,7643.38,2221650000,0,0,2019-03-27
7660.07,7689.16,7619.82,7669.17,1902060000,0,0,2019-03-28
7726.71,7733.62,7688.51,7729.32,2233470000,0,0,2019-03-29
7800.24,7831.45,7777.09,7828.91,2198050000,0,0,2019-04-01
7824.61,7854.92,7811.28,7848.69,2110100000,0,0,2019-04-02
7891.18,7938.26,7870.9,7895.55,2487210000,0,0,2019-04-03
7894.26,7917.65,7844.96,7891.78,2094200000,0,0,2019-04-04
7914.51,7940.45,7909.14,7938.69,2148730000,0,0,2019-04-05
7924.89,7955.9,7891.85,7953.88,2069190000,0,0,2019-04-08
7924.77,7945.55,7897.61,7909.28,2067570000,0,0,2019-04-09
7922.73,7965.33,7916.9,7964.24,1998280000,0,0,2019-04-10
7975.2,7975.2,7933.41,7947.36,1956840000,0,0,2019-04-11
7984.15,7992.09,7952.61,7984.16,1955290000,0,0,2019-04-12
7987.16,7993.33,7933.57,7976.01,1816920000,0,0,2019-04-15
8000.57,8017.56,7978.81,8000.23,2095330000,0,0,2019-04-16
8044.97,8052.4,7973.38,7996.08,2290690000,0,0,2019-04-17
7998.45,8002.31,7950.97,7998.06,2089360000,0,0,2019-04-18
7969.37,8017.15,7965.9,8015.27,1776060000,0,0,2019-04-22
8026.75,8128.87,8023.81,8120.82,2075070000,0,0,2019-04-23
8122.88,8139.55,8101.7,8102.01,2022490000,0,0,2019-04-24
8150.85,8151.84,8075.41,8118.68,2063270000,0,0,2019-04-25
8100.28,8146.42,8060.89,8146.4,1971270000,0,0,2019-04-26
8147.65,8176.08,8136.41,8161.85,1761110000,0,0,2019-04-29
8104.91,8124.61,8050.55,8095.39,2115770000,0,0,2019-04-30
8132.93,8146.0,8048.23,8049.64,2247420000,0,0,2019-05-01
8046.48,8094.06,7976.77,8036.77,2158600000,0,0,2019-05-02
8092.88,8164.71,8084.8,8164.0,2046040000,0,0,2019-05-03
7981.85,8135.54,7981.85,8123.29,1966120000,0,0,2019-05-06
8043.52,8070.97,7899.02,7963.76,2376660000,0,0,2019-05-07
7946.24,8004.49,7923.35,7943.32,2175100000,0,0,2019-05-08
7853.21,7929.78,7796.16,7910.59,2520770000,0,0,2019-05-09
7881.31,7949.34,7759.34,7916.94,2387720000,0,0,2019-05-10
7720.07,7760.83,7627.22,7647.02,2478860000,0,0,2019-05-13
7689.66,7776.2,7665.3,7734.49,2084850000,0,0,2019-05-14
7682.8,7838.72,7682.24,7822.15,2001530000,0,0,2019-05-15
7832.58,7946.23,7826.67,7898.05,2163120000,0,0,2019-05-16
7829.03,7918.71,7810.35,7816.28,2134120000,0,0,2019-05-17
7714.06,7747.27,7678.35,7702.38,2122410000,0,0,2019-05-20
7765.57,7804.44,7752.92,7785.72,1993210000,0,0,2019-05-21
7749.8,7786.33,7738.35,7750.84,1881830000,0,0,2019-05-22
7660.72,7665.15,7585.32,7628.28,2243420000,0,0,2019-05-23
7675.57,7694.15,7631.25,7637.01,1682920000,0,0,2019-05-24
7655.66,7693.74,7603.76,7607.35,2352670000,0,0,2019-05-28
7553.02,7581.11,7503.94,7547.31,2278790000,0,0,2019-05-29
7565.46,7595.9,7527.66,7567.72,1872000000,0,0,2019-05-30
7470.95,7506.86,7448.23,7453.15,2236940000,0,0,2019-05-31
7441.21,7457.66,7292.22,7333.02,2576920000,0,0,2019-06-03
7413.94,7529.5,7385.02,7527.12,2369150000,0,0,2019-06-04
7585.68,7589.47,7498.17,7575.48,2115570000,0,0,2019-06-05
7582.24,7634.12,7546.22,7615.55,2070940000,0,0,2019-06-06
7652.97,7767.02,7647.91,7742.1,2066020000,0,0,2019-06-07
7798.87,7895.44,7795.76,7823.17,2049370000,0,0,2019-06-10
7901.04,7909.99,7798.63,7822.57,2114680000,0,0,2019-06-11
7803.13,7819.16,7773.97,7792.72,1952790000,0,0,2019-06-12
7822.56,7848.36,7813.6,7837.13,1838930000,0,0,2019-06-13
7807.19,7819.21,7778.12,7796.66,1804340000,0,0,2019-06-14
7819.43,7865.98,7812.61,7845.02,1935290000,0,0,2019-06-17
7920.98,8005.21,7911.67,7953.88,2244920000,0,0,2019-06-18
7970.26,7998.59,7930.38,7987.32,2014080000,0,0,2019-06-19
8087.45,8088.88,7996.87,8051.34,2053530000,0,0,2019-06-20
8028.69,8073.02,8011.2,8031.71,2894340000,0,0,2019-06-21
8040.58,8047.56,8004.63,8005.7,2070370000,0,0,2019-06-24
8005.27,8007.31,7879.15,7884.72,2127310000,0,0,2019-06-25
7933.92,7974.28,7903.07,7909.97,2104750000,0,0,2019-06-26
7939.36,7976.58,7935.47,7967.76,2023120000,0,0,2019-06-27
7988.76,8010.15,7961.46,8006.24,4078990000,0,0,2019-06-28
8145.85,8150.45,8059.29,8091.16,2208900000,0,0,2019-07-01
8086.65,8109.37,8063.11,8109.09,1946320000,0,0,2019-07-02
8129.57,8170.23,8122.34,8170.23,1548190000,0,0,2019-07-03
8123.28,8171.97,8093.66,8161.79,149410000,0,0,2019-07-05
8112.91,8161.79,8078.39,8098.38,177320000,0,0,2019-07-08
8061.41,8146.98,8061.32,8141.73,1866770000,0,0,2019-07-09
8183.19,8228.6,8160.56,8202.53,2060510000,0,0,2019-07-10
8219.28,8226.18,8171.63,8196.04,1966970000,0,0,2019-07-11
8209.2,8245.66,8201.52,8244.14,1824870000,0,0,2019-07-12
8263.18,8264.78,8236.27,8258.19,1783980000,0,0,2019-07-15
8251.66,8259.75,8204.23,8222.8,1933960000,0,0,2019-07-16
8224.0,8230.67,8184.66,8185.21,1846960000,0,0,2019-07-17
8151.76,8215.58,8135.12,8207.24,2016310000,0,0,2019-07-18
8241.34,8245.78,8144.63,8146.49,1878730000,0,0,2019-07-19
8171.99,8218.42,8171.54,8204.14,1845770000,0,0,2019-07-22
8242.5,8251.83,8193.89,8251.4,1832220000,0,0,2019-07-23
8227.36,8321.81,8226.5,8321.5,1947550000,0,0,2019-07-24
8294.68,8295.95,8233.4,8238.54,2023130000,0,0,2019-07-25
8294.3,8339.64,8291.12,8330.21,1954350000,0,0,2019-07-26
8325.1,8325.28,8247.37,8293.33,1874780000,0,0,2019-07-29
8231.77,8295.46,8228.02,8273.61,1884300000,0,0,2019-07-30
8290.8,8299.83,8110.02,8175.42,2667060000,0,0,2019-07-31
8190.56,8311.04,8080.52,8111.12,2792650000,0,0,2019-08-01
8056.42,8068.8,7953.67,8004.07,2252550000,0,0,2019-08-02
7823.33,7836.45,7662.9,7726.04,2636740000,0,0,2019-08-05
7804.51,7845.01,7739.57,7833.27,2201610000,0,0,2019-08-06
7747.27,7881.38,7702.42,7862.83,2453230000,0,0,2019-08-07
7921.59,8041.12,7896.15,8039.16,2415670000,0,0,2019-08-08
7997.19,8020.56,7910.35,7959.14,2224330000,0,0,2019-08-09
7907.49,7924.99,7833.79,7863.41,2056360000,0,0,2019-08-12
7852.37,8065.24,7851.58,8016.36,2346980000,0,0,2019-08-13
7877.33,7900.28,7762.87,7773.94,2522870000,0,0,2019-08-14
7790.2,7805.93,7716.55,7766.62,2182590000,0,0,2019-08-15
7828.35,7907.52,7828.35,7895.99,1995130000,0,0,2019-08-16
8006.18,8026.75,7895.99,8002.81,1934980000,0,0,2019-08-19
7989.36,8010.58,7948.09,7948.56,1747580000,0,0,2019-08-20
8017.07,8036.94,7998.5,8020.21,1716370000,0,0,2019-08-21
8038.79,8048.58,7937.12,7991.39,1777630000,0,0,2019-08-22
7943.65,8005.34,7730.77,7751.77,2207070000,0,0,2019-08-23
7829.58,7856.04,7789.05,7853.74,1688860000,0,0,2019-08-26
7908.78,7916.83,7795.18,7826.95,1913760000,0,0,2019-08-27
7798.35,7866.87,7766.67,7856.88,1656930000,0,0,2019-08-28
7945.78,7992.29,7925.83,7973.39,1700840000,0,0,2019-08-29
8015.16,8017.91,7914.74,7962.88,1665840000,0,0,2019-08-30
7906.44,7940.37,7847.32,7874.16,1936210000,0,0,2019-09-03
7949.81,7981.41,7928.94,7976.88,1891300000,0,0,2019-09-04
8061.29,8134.42,8061.29,8116.83,2096300000,0,0,2019-09-05
8125.58,8134.39,8098.52,8103.07,1876380000,0,0,2019-09-06
8130.91,8131.66,8052.34,8087.44,2172240000,0,0,2019-09-09
8049.98,8086.53,8001.68,8084.16,2362860000,0,0,2019-09-10
8091.68,8169.68,8081.56,8169.68,2310440000,0,0,2019-09-11
8206.58,8243.8,8176.73,8194.47,2159260000,0,0,2019-09-12
8190.57,8210.2,8165.47,8176.71,1976770000,0,0,2019-09-13
8121.64,8165.33,8121.25,8153.54,1869220000,0,0,2019-09-16
8148.65,8188.23,8139.82,8186.02,1850340000,0,0,2019-09-17
8174.62,8179.87,8086.22,8177.39,2034880000,0,0,2019-09-18
8193.59,8237.43,8174.32,8182.88,1792700000,0,0,2019-09-19
8184.88,8202.82,8086.16,8117.67,3359380000,0,0,2019-09-20
8106.49,8135.81,8085.34,8112.46,1780160000,0,0,2019-09-23
8147.23,8158.83,7969.65,7993.63,2302600000,0,0,2019-09-24
7990.66,8095.0,7935.57,8077.38,2015270000,0,0,2019-09-25
8070.12,8072.11,7991.02,8030.66,1832800000,0,0,2019-09-26
8047.11,8051.83,7890.28,7939.63,2037720000,0,0,2019-09-27
7964.09,8012.16,7949.63,7999.34,1805820000,0,0,2019-09-30
8026.83,8062.5,7906.29,7908.68,2243650000,0,0,2019-10-01
7851.13,7852.7,7744.96,7785.25,2495160000,0,0,2019-10-02
7787.02,7872.26,7700.0,7872.26,2141490000,0,0,2019-10-03
7908.44,7986.62,7899.39,7982.47,1736890000,0,0,2019-10-04
7956.41,8013.31,7942.08,7956.29,1739450000,0,0,2019-10-07
7898.27,7921.88,7823.73,7823.78,1933580000,0,0,2019-10-08
7895.96,7930.92,7873.52,7903.74,1553900000,0,0,2019-10-09
7904.56,7982.84,7899.81,7950.78,1778740000,0,0,2019-10-10
8047.34,8115.8,8046.8,8057.04,2176080000,0,0,2019-10-11
8044.35,8069.85,8036.41,8048.65,1419730000,0,0,2019-10-14
8074.85,8166.18,8071.81,8148.71,1836650000,0,0,2019-10-15
8119.81,8146.15,8103.38,8124.18,1886720000,0,0,2019-10-16
8176.91,8183.64,8131.25,8156.85,1861570000,0,0,2019-10-17
8149.85,8157.36,8045.37,8089.54,2012930000,0,0,2019-10-18
8137.42,8164.14,8117.26,8162.99,1752860000,0,0,2019-10-21
8188.12,8194.62,8101.98,8104.3,1847200000,0,0,2019-10-22
8090.24,8122.88,8078.35,8119.79,1805030000,0,0,2019-10-23
8180.04,8187.84,8137.66,8185.8,1882490000,0,0,2019-10-24
8150.59,8249.97,8150.59,8243.12,1894740000,0,0,2019-10-25
8285.77,8335.56,8285.27,8325.99,1956280000,0,0,2019-10-28
8313.35,8319.29,8275.14,8276.85,1834530000,0,0,2019-10-29
8284.28,8315.5,8241.7,8303.98,1928420000,0,0,2019-10-30
8314.38,8321.8,8248.81,8292.36,2258270000,0,0,2019-10-31
8335.05,8386.75,8326.56,8386.4,2057310000,0,0,2019-11-01
8445.5,8451.37,8421.3,8433.2,2149910000,0,0,2019-11-04
8446.62,8457.39,8421.05,8434.68,2316710000,0,0,2019-11-05
8426.57,8426.57,8379.33,8410.63,2332650000,0,0,2019-11-06
8455.11,8483.16,8415.87,8434.52,2393950000,0,0,2019-11-07
8422.67,8475.57,8405.89,8475.31,1974190000,0,0,2019-11-08
8431.26,8467.29,8425.48,8464.28,1715470000,0,0,2019-11-11
8471.07,8514.84,8462.99,8486.09,1987820000,0,0,2019-11-12
8455.02,8496.9,8451.34,8482.1,2173320000,0,0,2019-11-13
8461.06,8485.36,8441.58,8479.02,2106550000,0,0,2019-11-14
8524.48,8540.83,8506.8,8540.83,2188210000,0,0,2019-11-15
8529.16,8559.78,8503.62,8549.94,2047240000,0,0,2019-11-18
8578.02,8589.76,8536.73,8570.66,2075000000,0,0,2019-11-19
8543.57,8578.27,8468.63,8526.73,2596030000,0,0,2019-11-20
8527.87,8530.73,8487.29,8506.21,2056230000,0,0,2019-11-21
8530.54,8535.46,8477.49,8519.88,1877090000,0,0,2019-11-22
8559.65,8633.15,8559.65,8632.49,2256070000,0,0,2019-11-25
8635.4,8659.73,8625.62,8647.93,2434570000,0,0,2019-11-26
8669.59,8705.91,8662.58,8705.18,1744580000,0,0,2019-11-27
8682.01,8697.32,8664.04,8665.47,1099090000,0,0,2019-11-29
8672.84,8672.84,8540.16,8567.99,2225940000,0,0,2019-12-02
8460.72,8523.98,8435.4,8520.64,2308600000,0,0,2019-12-03
8557.45,8584.88,8552.38,8566.67,2150680000,0,0,2019-12-04
8587.93,8588.89,8541.92,8570.7,2123380000,0,0,2019-12-05
8634.25,8665.44,8630.58,8656.53,2053530000,0,0,2019-12-06
8650.86,8678.85,8619.77,8621.83,2088520000,0,0,2019-12-09
8623.56,8650.76,8600.82,8616.18,2053390000,0,0,2019-12-10
8631.12,8658.48,8622.36,8654.05,1937850000,0,0,2019-12-11
8645.36,8745.82,8633.6,8717.32,2388270000,0,0,2019-12-12
8713.91,8768.87,8697.58,8734.88,2188720000,0,0,2019-12-13
8791.31,8833.45,8789.77,8814.23,2346290000,0,0,2019-12-16
8829.47,8831.99,8804.6,8823.36,2374120000,0,0,2019-12-17
8834.65,8848.76,8820.42,8827.74,2727870000,0,0,2019-12-18
8838.97,8888.13,8838.97,8887.22,2415950000,0,0,2019-12-19
8911.84,8931.91,8901.87,8924.96,3825460000,0,0,2019-12-20
8950.2,8956.64,8934.55,8945.65,2025450000,0,0,2019-12-23
8955.01,8957.12,8934.36,8952.88,1014520000,0,0,2019-12-24
8970.21,9022.46,8968.46,9022.39,1634920000,0,0,2019-12-26
9049.47,9052.0,8987.32,9006.62,1832200000,0,0,2019-12-27
9004.45,9006.36,8909.19,8945.99,2042420000,0,0,2019-12-30
8918.74,8975.36,8912.77,8972.6,2182800000,0,0,2019-12-31
9039.46,9093.43,9010.89,9092.19,2848370000,0,0,2020-01-02
8976.43,9065.76,8976.43,9020.77,2567400000,0,0,2020-01-03
8943.5,9072.41,8943.5,9071.47,2788120000,0,0,2020-01-06
9076.64,9091.93,9042.55,9068.58,2352850000,0,0,2020-01-07
9068.03,9168.89,9059.38,9129.24,2464090000,0,0,2020-01-08
9202.27,9215.95,9158.5,9203.43,2534700000,0,0,2020-01-09
9232.95,9235.2,9164.66,9178.86,2378990000,0,0,2020-01-10
9213.72,9274.49,9193.06,9273.93,2530270000,0,0,2020-01-13
9270.61,9298.33,9226.49,9251.33,2542170000,0,0,2020-01-14
9253.76,9298.82,9231.14,9258.7,2435650000,0,0,2020-01-15
9313.45,9357.92,9301.32,9357.13,2301400000,0,0,2020-01-16
9392.37,9393.48,9346.81,9388.94,2522670000,0,0,2020-01-17
9361.07,9397.58,9350.2,9370.81,2684540000,0,0,2020-01-21
9413.61,9439.29,9375.13,9383.77,2449390000,0,0,2020-01-22
9377.72,9409.2,9334.13,9402.48,2460050000,0,0,2020-01-23
9446.21,9451.43,9273.23,9314.91,2611710000,0,0,2020-01-24
9092.46,9185.45,9088.04,9139.31,2583330000,0,0,2020-01-27
9201.82,9288.87,9182.33,9269.68,2157830000,0,0,2020-01-28
9318.26,9329.12,9249.04,9275.16,2223480000,0,0,2020-01-29
9211.15,9303.0,9185.18,9298.93,2333500000,0,0,2020-01-30
9324.33,9324.8,9123.22,9150.94,2685840000,0,0,2020-01-31
9190.72,9299.85,9188.55,9273.4,2420510000,0,0,2020-02-03
9398.39,9485.38,9374.05,9467.97,2445420000,0,0,2020-02-04
9574.1,9574.94,9454.93,9508.68,2462470000,0,0,2020-02-05
9540.98,9575.66,9505.68,9572.15,2267300000,0,0,2020-02-06
9526.64,9570.09,9496.53,9520.51,2238670000,0,0,2020-02-07
9493.63,9628.66,9493.63,9628.39,2179310000,0,0,2020-02-10
9680.89,9714.74,9617.21,9638.94,2423670000,0,0,2020-02-11
9688.6,9728.77,9666.69,9725.96,2355000000,0,0,2020-02-12
9657.04,9748.32,9650.02,9711.97,2239270000,0,0,2020-02-13
9728.9,9746.36,9693.05,9731.18,2222240000,0,0,2020-02-14
9679.04,9747.68,9675.8,9732.74,2273460000,0,0,2020-02-18
9782.81,9838.37,9777.1,9817.18,2462530000,0,0,2020-02-19
9799.2,9820.86,9636.94,9750.97,2735610000,0,0,2020-02-20
9708.01,9715.95,9542.33,9576.59,2743010000,0,0,2020-02-21
9188.44,9322.88,9166.01,9221.28,3177000000,0,0,2020-02-24
9301.2,9315.26,8940.49,8965.61,3583400000,0,0,2020-02-25
9011.55,9148.32,8927.8,8980.78,3567830000,0,0,2020-02-26
8744.03,8904.11,8562.05,8566.48,4536080000,0,0,2020-02-27
8269.74,8591.82,8264.16,8567.37,5301170000,0,0,2020-02-28
8667.14,8952.81,8543.35,8952.17,4232760000,0,0,2020-03-02
8965.1,9070.32,8602.89,8684.09,4336700000,0,0,2020-03-03
8834.1,9019.96,8757.66,9018.09,3602870000,0,0,2020-03-04
8790.09,8921.08,8677.39,8738.59,3748090000,0,0,2020-03-05
8469.02,8612.36,8375.13,8575.62,4279850000,0,0,2020-03-06
7957.93,8243.31,7943.16,7950.68,4530350000,0,0,2020-03-09
8219.76,8347.4,7930.43,8344.25,4431930000,0,0,2020-03-10
8136.25,8181.36,7850.95,7952.05,4273890000,0,0,2020-03-11
7398.58,7712.33,7194.67,7201.8,5066530000,0,0,2020-03-12
7610.39,7875.93,7219.09,7874.88,4685890000,0,0,2020-03-13
7392.73,7422.2,6882.86,6904.59,4594360000,0,0,2020-03-16
7072.0,7406.23,6828.91,7334.78,4900000000,0,0,2020-03-17
6902.32,7182.83,6686.36,6989.84,4890820000,0,0,2020-03-18
6996.45,7341.38,6858.38,7150.58,4762170000,0,0,2020-03-19
7248.07,7354.44,6854.67,6879.52,5239940000,0,0,2020-03-20
6847.28,6984.94,6631.42,6860.67,4330610000,0,0,2020-03-23
7196.15,7418.37,7169.86,7417.86,4417380000,0,0,2020-03-24
7421.36,7671.21,7276.4,7384.3,4666440000,0,0,2020-03-25
7462.21,7809.83,7462.21,7797.54,3999850000,0,0,2020-03-26
7554.25,7716.24,7491.14,7502.38,3977010000,0,0,2020-03-27
7583.46,7784.35,7539.97,7774.15,3846900000,0,0,2020-03-30
7740.06,7880.31,7642.86,7700.1,4059700000,0,0,2020-03-31
7459.5,7566.37,7301.98,7360.58,3685510000,0,0,2020-04-01
7317.45,7501.7,7307.95,7487.31,3608190000,0,0,2020-04-02
7477.27,7518.72,7288.11,7373.08,3279100000,0,0,2020-04-03
7660.17,7938.33,7617.79,7913.24,3849100000,0,0,2020-04-06
8129.99,8146.43,7881.22,7887.26,4069410000,0,0,2020-04-07
7975.72,8114.43,7901.94,8090.9,3470730000,0,0,2020-04-08
8169.01,8227.91,8072.32,8153.58,4123670000,0,0,2020-04-09
8127.69,8200.44,8035.95,8192.42,3146860000,0,0,2020-04-13
8353.21,8531.11,8338.08,8515.74,3732820000,0,0,2020-04-14
8355.96,8464.66,8308.79,8393.18,3333750000,0,0,2020-04-15
8479.11,8560.16,8393.27,8532.36,3995870000,0,0,2020-04-16
8667.48,8670.3,8531.69,8650.14,4335020000,0,0,2020-04-17
8553.38,8684.91,8553.38,8560.73,3796950000,0,0,2020-04-20
8460.69,8480.29,8249.59,8269.08,1267153822,0,0,2020-04-21
